Sex,X,L,M,S,P3,P5,P10,P25,P50,P75,P90,P95,P97
1,0,1,49.8842,0.038,46.319,46.7662,47.4549,48.6056,49.8842,51.1628,52.3135,53.0022,53.4494
1,1,1,54.7244,0.0356,51.0603,51.5199,52.2277,53.4104,54.7244,56.0384,57.2211,57.9289,58.3885
1,2,1,58.4249,0.0342,54.6668,55.1383,55.8642,57.0772,58.4249,59.7726,60.9856,61.7115,62.183
1,3,1,61.4292,0.0333,57.5819,58.0645,58.8077,60.0495,61.4292,62.8089,64.0507,64.7939,65.2765
1,4,1,63.886,0.0326,59.9689,60.4603,61.2169,62.4813,63.886,65.2907,66.5551,67.3117,67.8031
1,5,1,65.9026,0.032,61.9362,62.4338,63.2,64.4802,65.9026,67.325,68.6052,69.3714,69.869
1,6,1,67.6236,0.0317,63.5918,64.0976,64.8764,66.1777,67.6236,69.0695,70.3708,71.1496,71.6554
1,7,1,69.1645,0.0314,65.0799,65.5923,66.3813,67.6997,69.1645,70.6293,71.9477,72.7367,73.2491
1,8,1,70.5994,0.0312,66.4566,66.9763,67.7765,69.1137,70.5994,72.0851,73.4223,74.2225,74.7422
1,9,1,71.9687,0.0312,67.7455,68.2753,69.0911,70.4542,71.9687,73.4832,74.8463,75.6621,76.1919
1,10,1,73.2812,0.0312,68.981,69.5205,70.3511,71.7391,73.2812,74.8233,76.2113,77.0419,77.5814
1,11,1,74.5388,0.0313,70.1508,70.7013,71.5489,72.9652,74.5388,76.1124,77.5287,78.3763,78.9268
1,12,1,75.7488,0.0314,71.2753,71.8365,72.7006,74.1445,75.7488,77.3531,78.797,79.6611,80.2223
1,13,1,76.9186,0.0315,72.3616,72.9332,73.8135,75.2844,76.9186,78.5528,80.0237,80.904,81.4756
1,14,1,78.0497,0.0317,73.3963,73.98,74.8789,76.3809,78.0497,79.7185,81.2205,82.1194,82.7031
1,15,1,79.1458,0.032,74.3824,74.9799,75.9001,77.4375,79.1458,80.8541,82.3915,83.3117,83.9092
1,16,1,80.2113,0.0322,75.3536,75.963,76.9013,78.4692,80.2113,81.9534,83.5213,84.4596,85.069
1,17,1,81.2487,0.0325,76.2823,76.9053,77.8647,79.4677,81.2487,83.0297,84.6327,85.5921,86.2151
1,18,1,82.2587,0.0328,77.1842,77.8207,78.801,80.4389,82.2587,84.0785,85.7164,86.6967,87.3332
1,19,1,83.2418,0.0331,78.0596,78.7097,79.7107,81.3834,83.2418,85.1002,86.7729,87.7739,88.424
1,20,1,84.1996,0.0334,78.9103,79.5738,80.5955,82.3028,84.1996,86.0964,87.8037,88.8254,89.4889
1,21,1,85.1348,0.0338,79.7227,80.4016,81.4471,83.1939,85.1348,87.0757,88.8225,89.868,90.5469
1,22,1,86.0477,0.0341,80.529,81.2213,82.2873,84.0686,86.0477,88.0268,89.8081,90.8741,91.5664
1,23,1,86.941,0.0345,81.2996,82.0073,83.097,84.9179,86.941,88.9641,90.785,91.8747,92.5824
1,24,1,87.1161,0.0351,81.3651,82.0865,83.1974,85.0537,87.1161,89.1785,91.0348,92.1457,92.8671
1,25,1,87.972,0.0354,82.1148,82.8496,83.981,85.8715,87.972,90.0725,91.963,93.0944,93.8292
1,26,1,88.8065,0.0358,82.8269,83.5771,84.7321,86.6621,88.8065,90.9509,92.8809,94.0359,94.7861
1,27,1,89.6197,0.0361,83.5348,84.2982,85.4735,87.4375,89.6197,91.8019,93.7659,94.9412,95.7046
1,28,1,90.412,0.0364,84.2223,84.9988,86.1944,88.1923,90.412,92.6317,94.6296,95.8252,96.6017
1,29,1,91.1828,0.0367,84.8889,85.6784,86.8942,88.9257,91.1828,93.4399,95.4714,96.6872,97.4767
1,30,1,91.9327,0.037,85.5352,86.3377,87.5735,89.6384,91.9327,94.227,96.2919,97.5277,98.3302
1,31,1,92.6631,0.0373,86.1624,86.9779,88.2336,90.3318,92.6631,94.9944,97.0926,98.3483,99.1638
1,32,1,93.3753,0.0376,86.772,87.6004,88.8759,91.0072,93.3753,95.7434,97.8747,99.1502,99.9786
1,33,1,94.0711,0.0379,87.3655,88.2067,89.502,91.6663,94.0711,96.4759,98.6402,99.9355,100.7767
1,34,1,94.7532,0.0381,87.9634,88.8151,90.1267,92.3182,94.7532,97.1882,99.3797,100.6913,101.543
1,35,1,95.4236,0.0384,88.5319,89.3964,90.7277,92.9521,95.4236,97.8951,100.1195,101.4508,102.3153
1,36,-1.0915,96.4961,0.0403,89.7187,90.5139,91.7676,93.9456,96.4961,99.1958,101.7646,103.3696,104.4406
1,37,-1.0011,97.0464,0.0403,90.2092,91.0135,92.2806,94.4783,97.0464,99.7581,102.3316,103.9363,105.0058
1,38,-0.9126,97.5965,0.0402,90.7155,91.5273,92.8047,95.0171,97.5965,100.3132,102.8849,104.485,105.55
1,39,-0.8262,98.1463,0.0402,91.2058,92.0267,93.3175,95.5495,98.1463,100.875,103.4518,105.0522,106.1159
1,40,-0.7418,98.6959,0.0402,91.6961,92.5261,93.83,96.0816,98.6959,101.4366,104.0188,105.6195,106.6822
1,41,-0.6592,99.2452,0.0402,92.1861,93.0253,94.3424,96.6135,99.2452,101.998,104.5857,106.1869,107.2487
1,42,-0.5827,99.793,0.0401,92.6926,93.5387,94.8657,97.1506,99.793,102.551,105.138,106.7359,107.7944
1,43,-0.5077,100.341,0.0401,93.1824,94.0374,95.3772,97.681,100.3406,103.1109,105.704,107.3032,108.3614
1,44,-0.4343,100.888,0.0401,93.6722,94.536,95.8886,98.2114,100.8881,103.6707,106.2701,107.8708,108.9288
1,45,-0.3625,101.435,0.0401,94.1617,95.0344,96.3998,98.7416,101.4353,104.2302,106.8361,108.4383,109.4963
1,46,-0.2921,101.982,0.0401,94.6513,95.5327,96.9109,99.2716,101.9824,104.7896,107.4021,109.006,110.0641
1,47,-0.2232,102.529,0.04,95.1584,96.0466,97.4343,99.8083,102.5294,105.3418,107.9542,109.5555,110.6111
1,48,-0.1597,103.075,0.04,95.6478,96.5446,97.9447,100.337,103.0749,105.8998,108.5194,110.123,111.1792
1,49,-0.0975,103.62,0.04,96.1373,97.0426,98.455,100.8657,103.6204,106.4579,109.0847,110.6908,111.7477
1,50,-0.0364,104.166,0.04,96.6266,97.5405,98.9652,101.3943,104.1657,107.0157,109.6499,111.2585,112.3162
1,51,0.0234,104.711,0.0399,97.1342,98.0545,99.4882,101.9296,104.7109,107.5662,110.2011,111.8079,112.8637
1,52,0.0822,105.256,0.0399,97.6236,98.5524,99.9984,102.4581,105.256,108.1239,110.7663,112.3758,113.4326
1,53,0.1398,105.801,0.0399,98.1129,99.0502,100.5084,102.9863,105.8009,108.6814,111.3314,112.9437,114.0015
1,54,0.1897,106.344,0.0399,98.6025,99.5478,101.0177,103.5131,106.344,109.2373,111.8956,113.5114,114.5709
1,55,0.2387,106.887,0.0399,99.0919,100.0452,101.5268,104.0397,106.8869,109.7931,112.4598,114.0791,115.1402
1,56,0.2868,107.43,0.0398,99.6005,100.5595,102.0492,104.5734,107.4298,110.3414,113.0097,114.6284,115.6885
1,57,0.3341,107.973,0.0398,100.09,101.0571,102.5584,105.0999,107.9726,110.8971,113.5739,115.1962,116.2581
1,58,0.3805,108.515,0.0398,100.5795,101.5546,103.0675,105.6264,108.5153,111.4526,114.138,115.7641,116.8277
1,59,0.4261,109.058,0.0398,101.069,102.0521,103.5765,106.1528,109.0579,112.0081,114.7021,116.3319,117.3975
1,60,0.4242,109.59,0.0398,101.5623,102.5501,104.0818,106.6704,109.5896,112.5543,115.2616,116.8996,117.9704
1,61,0.4223,110.121,0.0399,102.0357,103.0305,104.5732,107.1806,110.1212,113.1079,115.8355,117.4859,118.5649
1,62,0.4205,110.653,0.0399,102.5289,103.5284,105.0784,107.6982,110.6529,113.6541,116.3951,118.0536,119.138
1,63,0.4187,111.185,0.0399,103.0221,104.0263,105.5836,108.2158,111.1846,114.2003,116.9546,118.6213,119.711
1,64,0.4169,111.716,0.04,103.4952,104.5064,106.0747,108.7258,111.7162,114.754,117.5288,119.208,120.3059
1,65,0.4151,112.248,0.04,103.9883,105.0042,106.5799,109.2434,112.2479,115.3002,118.0885,119.7758,120.8791
1,66,0.3787,112.773,0.04,104.4864,105.5045,107.0842,109.7564,112.7735,115.8416,118.6469,120.3458,121.4571
1,67,0.3429,113.299,0.0401,104.9641,105.9868,107.5743,110.2618,113.299,116.3907,119.2203,120.9351,122.0574
1,68,0.3074,113.825,0.0401,105.4619,106.4868,108.0784,110.7746,113.8245,116.9321,119.7788,121.5051,122.6355
1,69,0.2724,114.35,0.0402,105.9394,106.969,108.5685,111.28,114.3501,117.4814,120.3525,122.095,123.2364
1,70,0.2378,114.876,0.0402,106.4371,107.4689,109.0725,111.7928,114.8756,118.0227,120.9111,122.6652,123.8147
1,71,0.2036,115.401,0.0403,106.9141,107.9506,109.5623,112.2979,115.401,118.572,121.4849,123.2552,124.4159
1,72,0.1783,115.918,0.0403,107.4014,108.4407,110.0572,112.8024,115.9183,119.1046,122.0335,123.8145,124.9825
1,73,0.1533,116.436,0.0404,107.868,108.9126,110.5377,113.2992,116.4356,119.6452,122.5977,124.394,125.5725
1,74,0.1287,116.953,0.0404,108.3549,109.4024,111.0324,113.8035,116.9528,120.1778,123.1463,124.9533,126.1391
1,75,0.1044,117.47,0.0405,108.8213,109.874,111.5129,114.3002,117.4701,120.7185,123.7108,125.5331,126.7295
1,76,0.0805,117.987,0.0405,109.3082,110.3638,112.0075,114.8045,117.9874,121.2512,124.2596,126.0926,127.2963
1,77,0.0569,118.505,0.0406,109.7743,110.8352,112.4878,115.3011,118.5047,121.7921,124.8242,126.6728,127.887
1,78,0.0563,119.014,0.0406,110.2459,111.3113,112.9709,115.7963,119.0136,122.3152,125.3604,127.2169,128.4365
1,79,0.0557,119.522,0.0406,110.7175,111.7874,113.4541,116.2914,119.5225,122.8382,125.8965,127.7611,128.9859
1,80,0.0552,120.031,0.0406,111.189,112.2635,113.9372,116.7866,120.0314,123.3612,126.4327,128.3052,129.5353
1,81,0.0546,120.54,0.0406,111.6607,112.7397,114.4205,117.2819,120.5404,123.8844,126.9689,128.8494,130.0848
1,82,0.0541,121.049,0.0406,112.1323,113.2158,114.9036,117.777,121.0493,124.4074,127.505,129.3936,130.6342
1,83,0.0536,121.558,0.0406,112.6039,113.6919,115.3867,118.2722,121.5582,124.9305,128.0412,129.9377,131.1836
1,84,0.0492,122.054,0.0406,113.0643,114.1565,115.8578,118.7545,122.0537,125.4399,128.5638,130.4686,131.72
1,85,0.0448,122.549,0.0406,113.5248,114.621,116.3288,119.2368,122.5492,125.9494,129.0865,130.9996,132.2564
1,86,0.0405,123.045,0.0406,113.9853,115.0856,116.7999,119.7191,123.0447,126.4588,129.6092,131.5305,132.7928
1,87,0.0363,123.54,0.0406,114.4457,115.5501,117.2709,120.2014,123.5402,126.9683,130.1319,132.0614,133.3292
1,88,0.0321,124.036,0.0406,114.9061,116.0147,117.7419,120.6837,124.0357,127.4777,130.6546,132.5923,133.8656
1,89,0.028,124.531,0.0406,115.3666,116.4793,118.213,121.1661,124.5313,127.9873,131.1773,133.1233,134.4021
1,90,0.0397,125.011,0.0406,115.8074,116.9253,118.6669,121.6327,125.0114,128.4801,131.681,133.6331,134.9156
1,91,0.0514,125.491,0.0405,116.2701,117.3905,119.1359,122.1074,125.4914,128.9642,132.1676,134.1207,135.4037
1,92,0.0628,125.972,0.0405,116.711,117.8367,119.5899,122.5741,125.9715,129.457,132.6712,134.6304,135.9172
1,93,0.0741,126.451,0.0405,117.1518,118.2827,120.0437,123.0406,126.4515,129.9498,133.1747,135.14,136.4307
1,94,0.0853,126.932,0.0405,117.5928,118.7288,120.4977,123.5072,126.9316,130.4426,133.6784,135.6498,136.9443
1,95,0.0964,127.412,0.0405,118.0336,119.1748,120.9515,123.9738,127.4116,130.9354,134.1819,136.1594,137.4578
1,96,0.1205,127.879,0.0405,118.4585,119.6058,121.3915,124.4277,127.8793,131.4148,134.6701,136.652,137.9528
1,97,0.1443,128.347,0.0404,118.906,120.0567,121.8472,124.89,128.3469,131.8853,135.141,137.1222,138.422
1,98,0.1679,128.815,0.0404,119.3309,120.4877,122.2872,125.3439,128.8145,132.3647,135.6292,137.6147,138.917
1,99,0.1912,129.282,0.0404,119.7559,120.9188,122.7272,125.7978,129.2821,132.844,136.1173,138.1072,139.4121
1,100,0.2142,129.75,0.0404,120.1809,121.3498,123.1673,126.2518,129.7497,133.3233,136.6055,138.5998,139.9072
1,101,0.237,130.217,0.0404,120.6058,121.7808,123.6072,126.7056,130.2172,133.8026,137.0935,139.0923,140.4023
1,102,0.2339,130.675,0.0404,121.0313,122.2102,124.0427,127.1516,130.6754,134.2736,137.5765,139.5827,140.8976
1,103,0.2308,131.134,0.0404,121.4568,122.6396,124.4781,127.5976,131.1336,134.7445,138.0595,140.0731,141.3928
1,104,0.2278,131.592,0.0404,121.8823,123.069,124.9137,128.0436,131.5919,135.2156,138.5425,140.5635,141.8882
1,105,0.2248,132.05,0.0404,122.3078,123.4984,125.3492,128.4896,132.0501,135.6866,139.0255,141.0539,142.3835
1,106,0.2218,132.508,0.0404,122.7334,123.9278,125.7847,128.9357,132.5084,136.1577,139.5085,141.5444,142.8788
1,107,0.2188,132.967,0.0404,123.1589,124.3572,126.2202,129.3817,132.9666,136.6286,139.9915,142.0347,143.3741
1,108,0.1885,133.414,0.0405,123.5604,124.763,126.6333,129.8093,133.4136,137.0987,140.4856,142.5447,143.8951
1,109,0.1585,133.861,0.0406,123.9617,125.1686,127.0464,130.2369,133.8606,137.5688,140.9798,143.055,144.4164
1,110,0.1288,134.308,0.0406,124.3866,125.595,127.4758,130.6733,134.3076,138.0297,141.4562,143.5421,144.911
1,111,0.0994,134.755,0.0407,124.7877,126.0004,127.8886,131.1007,134.7545,138.4998,141.9506,144.0526,145.4327
1,112,0.0704,135.201,0.0408,125.1886,126.4057,128.3013,131.528,135.2014,138.97,142.4451,144.5633,145.9546
1,113,0.0416,135.648,0.0409,125.5893,126.8108,128.7139,131.9552,135.6482,139.4402,142.9397,145.0742,146.4767
1,114,0.021,136.103,0.041,125.994,127.2206,129.1322,132.3893,136.1026,139.9178,143.441,145.5909,147.0039
1,115,0.0008,136.557,0.0411,126.3983,127.6301,129.5502,132.8233,136.5569,140.3954,143.9422,146.1076,147.5312
1,116,-0.0191,137.011,0.0412,126.8027,128.0396,129.9682,133.2573,137.0113,140.8731,144.4437,146.6246,148.0588
1,117,-0.0386,137.466,0.0414,127.1828,128.4277,130.3694,133.6821,137.4656,141.3604,144.9638,147.1659,148.6145
1,118,-0.0579,137.92,0.0415,127.5867,128.8368,130.787,134.1159,137.9199,141.8382,145.4656,147.6832,149.1426
1,119,-0.0768,138.374,0.0416,127.9903,129.2457,131.2046,134.5496,138.3742,142.3161,145.9674,148.2008,149.6709
1,120,-0.0752,138.847,0.0417,128.4033,129.6658,131.6361,135.0005,138.8473,142.8122,146.485,148.7315,150.2103
1,121,-0.0736,139.321,0.0419,128.7921,130.0647,132.0507,135.4422,139.3205,143.3182,147.0217,149.2872,150.7785
1,122,-0.072,139.794,0.042,129.2046,130.4845,132.4819,135.8929,139.7936,143.8145,147.5396,149.8183,151.3183
1,123,-0.0705,140.267,0.0422,129.5928,130.8828,132.896,136.3344,140.2667,144.3207,148.0767,150.3745,151.8872
1,124,-0.0689,140.74,0.0423,130.0049,131.3022,133.3269,136.7849,140.7398,144.8171,148.5949,150.906,152.4275
1,125,-0.0674,141.213,0.0424,130.417,131.7217,133.7578,137.2355,141.213,145.3138,149.1134,151.4379,152.9682
1,126,-0.0489,141.706,0.0426,130.8156,132.1322,134.1867,137.6949,141.7059,145.8396,149.6682,152.0098,153.551
1,127,-0.0308,142.199,0.0428,131.2137,132.5423,134.6153,138.1541,142.1987,146.3654,150.2232,152.5819,154.1341
1,128,-0.0131,142.692,0.043,131.6115,132.9522,135.0438,138.6133,142.6916,146.8915,150.7786,153.1545,154.7178
1,129,0.0041,143.184,0.0432,132.0089,133.3617,135.4719,139.0723,143.1844,147.4176,151.3341,153.7274,155.3018
1,130,0.0209,143.677,0.0434,132.4061,133.7711,135.8998,139.5312,143.6773,147.944,151.89,154.3007,155.8863
1,131,0.0373,144.17,0.0436,132.8028,134.18,136.3275,139.9899,144.1701,148.4704,152.4461,154.8743,156.4711
1,132,0.0886,144.701,0.0438,133.2182,134.6117,136.7832,140.4832,144.701,149.0339,153.0343,155.475,157.079
1,133,0.1383,145.232,0.0441,133.6079,135.0206,137.2211,140.9669,145.2319,149.6076,153.6425,156.1018,157.7171
1,134,0.1864,145.763,0.0443,134.0224,135.4515,137.6762,141.4599,145.7627,150.1713,154.2315,156.7037,158.3264
1,135,0.2331,146.293,0.0445,134.4366,135.8821,138.1311,141.9528,146.2935,150.7353,154.8208,157.3061,158.9364
1,136,0.2784,146.824,0.0448,134.8243,136.2893,138.5676,142.4357,146.8242,151.3094,155.43,157.9344,159.5763
1,137,0.3223,147.355,0.045,135.2375,136.7191,139.0219,142.9282,147.3549,151.8736,156.02,158.5378,160.1876
1,138,0.4064,147.932,0.0453,135.6453,137.152,139.4914,143.453,147.9321,152.4931,156.6687,159.1997,160.8563
1,139,0.4882,148.509,0.0455,136.0787,137.6076,139.9789,143.9875,148.5094,153.1028,157.2983,159.837,161.4968
1,140,0.5676,149.087,0.0457,136.5113,138.0625,140.4659,144.5218,149.0866,153.7127,157.9284,160.4749,162.1381
1,141,0.6448,149.664,0.0459,136.9433,138.517,140.9526,145.0559,149.6638,154.3227,158.559,161.1137,162.7805
1,142,0.7199,150.241,0.0462,137.347,138.9467,141.4199,145.5797,150.2409,154.943,159.2094,161.7782,163.4526
1,143,0.7929,150.818,0.0464,137.7773,139.3997,141.9056,146.1133,150.818,155.5533,159.8408,162.4183,164.0967
1,144,0.8928,151.422,0.0465,138.2429,139.8891,142.428,146.6812,151.4223,156.1794,160.4743,163.0505,164.7259
1,145,0.991,152.027,0.0466,138.7078,140.378,142.9502,147.2491,152.0268,156.8059,161.1083,163.6836,165.3563
1,146,1.0877,152.631,0.0467,139.1716,140.8662,143.4719,147.8168,152.6312,157.4323,161.7425,164.3172,165.9873
1,147,1.1829,153.236,0.0468,139.6346,141.3537,143.9934,148.3846,153.2358,158.0591,162.3773,164.9515,166.6193
1,148,1.2764,153.84,0.0469,140.0968,141.8407,144.5146,148.9522,153.8404,158.686,163.0124,165.5865,167.2522
1,149,1.3684,154.445,0.047,140.558,142.327,145.0353,149.5198,154.445,159.313,163.6479,166.222,167.8859
1,150,1.458,155.046,0.0469,141.0763,142.8627,145.5934,150.105,155.0459,159.9157,164.2413,166.8052,168.4606
1,151,1.5475,155.647,0.0469,141.5636,143.3714,146.1309,150.6795,155.6468,160.5287,164.8541,167.4132,169.0637
1,152,1.637,156.248,0.0468,142.0809,143.9064,146.6888,151.2648,156.2477,161.1314,165.4476,167.9966,169.6389
1,153,1.7263,156.849,0.0467,142.598,144.4414,147.2469,151.8502,156.8487,161.7341,166.0412,168.5804,170.2147
1,154,1.8155,157.45,0.0466,143.1148,144.9762,147.8049,152.4356,157.4497,162.3368,166.6349,169.1644,170.7908
1,155,1.9045,158.051,0.0465,143.6314,145.511,148.363,153.0212,158.0507,162.9394,167.2287,169.7487,171.3672
1,156,2.0111,158.625,0.0463,144.1432,146.0396,148.9118,153.5901,158.6245,163.5023,167.77,170.2723,171.8777
1,157,2.1194,159.198,0.046,144.6876,146.5964,149.4824,154.1703,159.1984,164.0548,168.292,170.7716,172.3606
1,158,2.2294,159.772,0.0457,145.2319,147.1535,150.0533,154.7508,159.7724,164.6071,168.8139,171.271,172.8438
1,159,2.341,160.346,0.0454,145.7764,147.7108,150.6247,155.3316,160.3465,165.1594,169.3358,171.7705,173.3272
1,160,2.4544,160.921,0.0452,146.2862,148.2386,151.1738,155.9014,160.9207,165.722,169.8767,172.294,173.8378
1,161,2.5694,161.495,0.0449,146.8303,148.7961,151.7457,156.4827,161.4949,166.2741,170.3984,172.7935,174.3214
1,162,2.6754,162.004,0.0445,147.3585,149.3299,152.2829,157.0134,162.0038,166.7491,170.8346,173.2032,174.7129
1,163,2.7844,162.513,0.044,147.923,149.8949,152.8437,157.556,162.5128,167.2136,171.2515,173.5889,175.0774
1,164,2.8966,163.022,0.0436,148.4518,150.4296,153.3819,158.0873,163.0218,167.6882,171.687,173.9981,175.4683
1,165,3.0121,163.531,0.0431,149.0176,150.9959,153.944,158.6306,163.5308,168.1521,172.1033,174.3832,175.8324
1,166,3.1309,164.04,0.0427,149.5468,151.5313,154.483,159.1626,164.0398,168.6262,172.5382,174.7917,176.2227
1,167,3.2531,164.549,0.0423,150.0761,152.0669,155.0223,159.6947,164.5488,169.1001,172.9727,175.1999,176.6128
1,168,3.3119,164.965,0.0417,150.644,152.6162,155.5425,160.1658,164.965,169.4615,173.285,175.4831,176.8772
1,169,3.3725,165.381,0.0412,151.1749,153.1341,156.0393,160.6254,165.3813,169.8332,173.6159,175.7893,177.1674
1,170,3.4351,165.798,0.0407,151.7066,153.6526,156.5365,161.0852,165.7975,170.2045,173.9462,176.0949,177.4569
1,171,3.4998,166.214,0.0402,152.2393,154.1719,157.0345,161.5454,166.2138,170.5756,174.2761,176.4,177.7458
1,172,3.5666,166.63,0.0397,152.7728,154.6921,157.533,162.0059,166.6301,170.9466,174.6056,176.7046,178.0342
1,173,3.6357,167.046,0.0392,153.3073,155.213,158.0322,162.4667,167.0464,171.3172,174.9346,177.0086,178.3219
1,174,3.6315,167.365,0.0388,153.7596,155.6441,158.4336,162.8251,167.3647,171.6016,175.1927,177.2524,178.5571
1,175,3.6262,167.683,0.0384,154.2128,156.076,158.8355,163.1838,167.6831,171.886,175.4506,177.4961,178.7921
1,176,3.6198,168.001,0.0379,154.7057,156.5415,159.2625,163.5547,168.0013,172.1593,175.689,177.7155,178.9999
1,177,3.6121,168.32,0.0375,155.16,156.9743,159.6651,163.9136,168.3195,172.4432,175.9462,177.9585,179.2341
1,178,3.6031,168.638,0.037,155.6542,157.4409,160.093,164.2849,168.6377,172.7162,176.184,178.1772,179.4412
1,179,3.5927,168.956,0.0366,156.1098,157.8747,160.4964,164.6442,168.9558,172.9996,176.4406,178.4194,179.6747
1,180,3.5208,169.181,0.0363,156.4729,158.2126,160.8006,164.9044,169.1812,173.2016,176.629,178.6026,179.8555
1,181,3.4457,169.407,0.036,156.8361,158.5506,161.1051,165.1648,169.4066,173.4034,176.8175,178.7859,180.0364
1,182,3.3672,169.632,0.0357,157.1994,158.8887,161.4097,165.4252,169.6319,173.6052,177.0058,178.9692,180.2175
1,183,3.2853,169.857,0.0353,157.6004,159.2592,161.7386,165.6977,169.8571,173.7959,177.1744,179.1278,180.3708
1,184,3.1997,170.082,0.035,157.9635,159.5973,162.0435,165.9583,170.0824,173.9975,177.3627,179.3113,180.5522
1,185,3.1104,170.308,0.0347,158.3264,159.9355,162.3483,166.2189,170.3076,174.199,177.551,179.4947,180.7337
1,186,2.9809,170.468,0.0345,158.6085,160.1934,162.5749,166.4065,170.4684,174.3471,177.6976,179.6442,180.8864
1,187,2.8483,170.629,0.0342,158.9266,160.4826,162.8253,166.6063,170.6294,174.4844,177.8242,179.7688,181.0111
1,188,2.7127,170.791,0.034,159.2072,160.7397,163.0517,166.7943,170.7906,174.6329,177.9713,179.919,181.1648
1,189,2.574,170.952,0.0338,159.4871,160.9966,163.2782,166.9825,170.952,174.7815,178.1187,180.0697,181.3191
1,190,2.4321,171.114,0.0335,159.8021,161.2839,163.5282,167.1829,171.1137,174.9193,178.2458,180.1948,181.4445
1,191,2.2872,171.276,0.0333,160.0806,161.54,163.7546,167.3715,171.2756,175.0684,178.3938,180.3463,181.5998
1,192,2.154,171.395,0.0332,160.278,161.721,163.9145,167.506,171.3949,175.1846,178.5162,180.4762,181.7361
1,193,2.0196,171.514,0.033,160.5094,161.9318,164.0975,167.6526,171.5145,175.2897,178.618,180.58,181.8426
1,194,1.8841,171.634,0.0328,160.7398,162.1419,164.2802,167.7994,171.6344,175.3951,178.7199,180.6838,181.9491
1,195,1.7474,171.755,0.0327,160.9353,162.322,164.4401,167.9346,171.7546,175.5121,178.8433,180.8149,182.0867
1,196,1.6096,171.875,0.0325,161.164,162.5312,164.6227,168.0819,171.8752,175.6181,178.9457,180.9192,182.1938
1,197,1.4707,171.996,0.0324,161.3584,162.7106,164.7826,168.2177,171.996,175.7356,179.0697,181.0511,182.3324
1,198,1.3966,172.09,0.0323,161.5046,162.8473,164.9062,168.3241,172.0897,175.8229,179.1561,181.1392,182.4225
1,199,1.3226,172.184,0.0323,161.6174,162.9549,165.0075,168.4191,172.1836,175.9218,179.2644,181.2553,182.5445
1,200,1.2488,172.278,0.0322,161.763,163.0912,165.131,168.5257,172.2775,176.0091,179.3509,181.3435,182.6346
1,201,1.1751,172.372,0.0322,161.8756,163.1987,165.2323,168.6207,172.3716,176.1082,179.4594,181.4598,182.7568
1,202,1.1016,172.466,0.0321,162.0207,163.3347,165.3559,168.7276,172.4658,176.1958,179.5461,181.548,182.847
1,203,1.0282,172.56,0.0321,162.1329,163.442,165.4571,168.8227,172.56,176.295,179.6547,181.6645,182.9694
1,204,0.9751,172.64,0.0321,162.2255,163.5311,165.542,168.9036,172.6404,176.3793,179.746,181.7617,183.071
1,205,0.9218,172.721,0.0321,162.318,163.6202,165.6269,168.9843,172.7207,176.4634,179.8373,181.8589,183.1727
1,206,0.8685,172.801,0.0321,162.4104,163.7091,165.7117,169.0649,172.8009,176.5475,179.9286,181.956,183.2743
1,207,0.815,172.881,0.0321,162.5028,163.7982,165.7965,169.1457,172.8812,176.6317,180.02,182.0534,183.3762
1,208,0.7614,172.961,0.0321,162.5951,163.8871,165.8813,169.2263,172.9614,176.7158,180.1113,182.1507,183.4781
1,209,0.7077,173.042,0.0321,162.6874,163.9761,165.9661,169.3069,173.0416,176.8,180.2027,182.2482,183.5801
1,210,0.6595,173.122,0.0321,162.7783,164.064,166.0504,169.3878,173.1222,176.8843,180.2937,182.3447,183.6809
1,211,0.611,173.203,0.0321,162.8692,164.1519,166.1347,169.4685,173.2027,176.9685,180.3847,182.4413,183.7818
1,212,0.5623,173.283,0.0321,162.9601,164.2398,166.219,169.5492,173.2832,177.0527,180.4758,182.538,183.8828
1,213,0.5134,173.364,0.032,163.0825,164.3555,166.325,169.6414,173.3636,177.1251,180.5441,182.6055,183.9503
1,214,0.4642,173.444,0.032,163.1733,164.4433,166.4092,169.7221,173.444,177.2092,180.6351,182.7022,184.0513
1,215,0.4148,173.524,0.032,163.264,164.5311,166.4934,169.8027,173.5244,177.2934,180.7262,182.799,184.1526
1,216,0.3638,173.604,0.032,163.3542,164.6183,166.5768,169.8824,173.6037,177.3765,180.8163,182.8951,184.2532
1,217,0.3126,173.683,0.032,163.4444,164.7054,166.6602,169.962,173.683,177.4596,180.9066,182.9913,184.354
1,218,0.2611,173.762,0.032,163.5346,164.7925,166.7435,170.0416,173.7622,177.5426,180.9968,183.0876,184.4549
1,219,0.2094,173.841,0.032,163.6246,164.8796,166.8268,170.121,173.8413,177.6256,181.087,183.1838,184.5558
1,220,0.1573,173.92,0.032,163.7148,164.9666,166.9101,170.2005,173.9204,177.7085,181.1772,183.2802,184.657
1,221,0.105,174,0.032,163.8049,165.0537,166.9934,170.28,173.9995,177.7915,181.2675,183.3768,184.7583
1,222,0.0449,174.076,0.032,163.8952,165.1405,167.0757,170.3577,174.0764,177.8726,181.3568,183.473,184.8599
1,223,-0.0155,174.153,0.032,163.9855,165.2272,167.1579,170.4352,174.1532,177.9536,181.446,183.5693,184.9617
1,224,-0.0764,174.23,0.032,164.0758,165.314,167.2401,170.5128,174.23,178.0346,181.5353,183.6658,185.0638
1,225,-0.1377,174.307,0.0319,164.1968,165.4277,167.3437,170.6018,174.3067,178.1034,181.6013,183.7319,185.1309
1,226,-0.1994,174.383,0.0319,164.2869,165.5143,167.4258,170.6792,174.3833,178.1843,181.6905,183.8285,185.2331
1,227,-0.2615,174.46,0.0319,164.377,165.6008,167.5078,170.7565,174.4598,178.265,181.7798,183.9251,185.3354
2,0,1,49.1477,0.0379,45.6443,46.0838,46.7606,47.8913,49.1477,50.4041,51.5348,52.2116,52.6511
2,1,1,53.6872,0.0364,50.0117,50.4728,51.1828,52.3691,53.6872,55.0053,56.1916,56.9016,57.3627
2,2,1,57.0673,0.0357,53.2356,53.7162,54.4564,55.6932,57.0673,58.4414,59.6782,60.4184,60.899
2,3,1,59.8029,0.0352,55.8437,56.3404,57.1052,58.3831,59.8029,61.2227,62.5006,63.2654,63.7621
2,4,1,62.0899,0.0349,58.0143,58.5256,59.3129,60.6283,62.0899,63.5515,64.8669,65.6542,66.1655
2,5,1,64.0301,0.0346,59.8633,60.386,61.1909,62.5358,64.0301,65.5244,66.8693,67.6742,68.1969
2,6,1,65.7311,0.0345,61.466,62.001,62.8249,64.2015,65.7311,67.2607,68.6373,69.4612,69.9962
2,7,1,67.2873,0.0344,62.9339,63.48,64.3209,65.7261,67.2873,68.8485,70.2537,71.0946,71.6407
2,8,1,68.7498,0.0344,64.3017,64.8597,65.7189,67.1546,68.7498,70.345,71.7807,72.6399,73.1979
2,9,1,70.1435,0.0344,65.6053,66.1746,67.0512,68.516,70.1435,71.771,73.2358,74.1124,74.6817
2,10,1,71.4818,0.0345,66.8435,67.4254,68.3213,69.8184,71.4818,73.1452,74.6423,75.5382,76.1201
2,11,1,72.771,0.0346,68.0354,68.6295,69.5442,71.0727,72.771,74.4693,75.9978,76.9125,77.5066
2,12,1,74.015,0.0348,69.1706,69.7783,70.7141,72.2777,74.015,75.7523,77.3159,78.2517,78.8594
2,13,1,75.2176,0.035,70.2662,70.8873,71.8438,73.4419,75.2176,76.9933,78.5914,79.5479,80.169
2,14,1,76.3817,0.0351,71.3393,71.9719,72.9459,74.5734,76.3817,78.19,79.8175,80.7915,81.4241
2,15,1,77.5099,0.0353,72.3639,73.0094,74.0034,75.6644,77.5099,79.3554,81.0164,82.0104,82.6559
2,16,1,78.6055,0.0356,73.3424,74.0026,75.0193,76.718,78.6055,80.493,82.1917,83.2084,83.8686
2,17,1,79.671,0.0358,74.3066,74.9795,76.0157,77.7472,79.671,81.5948,83.3263,84.3625,85.0354
2,18,1,80.7079,0.036,75.2433,75.9288,76.9844,78.7482,80.7079,82.6676,84.4314,85.487,86.1725
2,19,1,81.7182,0.0362,76.1544,76.8524,77.9271,79.7229,81.7182,83.7135,85.5093,86.584,87.282
2,20,1,82.7036,0.0364,77.0416,77.7519,78.8456,80.6731,82.7036,84.7341,86.5616,87.6553,88.3656
2,21,1,83.6654,0.0367,77.8904,78.6148,79.7304,81.5944,83.6654,85.7364,87.6004,88.716,89.4404
2,22,1,84.604,0.0369,78.7324,79.469,80.6031,82.4983,84.604,86.7097,88.6049,89.739,90.4756
2,23,1,85.5202,0.0371,79.5528,80.3014,81.4541,83.3802,85.5202,87.6602,89.5863,90.739,91.4876
2,24,1,85.7153,0.0376,79.6537,80.4141,81.585,83.5415,85.7153,87.8891,89.8456,91.0165,91.7769
2,25,1,86.5904,0.0379,80.4181,81.1924,82.3846,84.3769,86.5904,88.8039,90.7962,91.9884,92.7627
2,26,1,87.4462,0.0381,81.18,81.966,83.1765,85.199,87.4462,89.6934,91.7159,92.9264,93.7124
2,27,1,88.283,0.0383,81.9236,82.7214,83.9498,86.0024,88.283,90.5636,92.6162,93.8446,94.6424
2,28,1,89.1004,0.0385,82.6486,83.458,84.7042,86.7867,89.1004,91.4141,93.4966,94.7428,95.5522
2,29,1,89.8991,0.0387,83.3556,84.1765,85.4405,87.5525,89.8991,92.2457,94.3577,95.6217,96.4426
2,30,1,90.6797,0.0389,84.0453,84.8776,86.1591,88.3005,90.6797,93.0589,95.2003,96.4818,97.3141
2,31,1,91.443,0.0391,84.7184,85.562,86.8609,89.0314,91.443,93.8546,96.0251,97.324,98.1676
2,32,1,92.1906,0.0393,85.3763,86.2311,87.5474,89.7469,92.1906,94.6343,96.8338,98.1501,99.0049
2,33,1,92.9239,0.0395,86.0205,86.8865,88.22,90.4482,92.9239,95.3996,97.6278,98.9613,99.8273
2,34,1,93.6444,0.0397,86.6522,87.5294,88.88,91.1369,93.6444,96.1519,98.4088,99.7594,100.6366
2,35,1,94.3533,0.0399,87.2727,88.1609,89.5286,91.8141,94.3533,96.8925,99.178,100.5457,101.4339
2,36,0.5472,95.4078,0.0413,88.1275,89.0264,90.4187,92.7669,95.4078,98.0823,100.518,101.9886,102.9488
2,37,0.4997,95.9472,0.0412,88.6565,89.5553,90.9481,93.2995,95.9472,98.632,101.0801,102.5596,103.5261
2,38,0.4525,96.4867,0.0411,89.1857,90.0843,91.4777,93.8322,96.4867,99.1818,101.6422,103.1305,104.1034
2,39,0.4056,97.0262,0.041,89.7149,90.6134,92.0074,94.365,97.0262,99.7315,102.2042,103.7013,104.6804
2,40,0.359,97.5658,0.0409,90.2443,91.1427,92.5373,94.898,97.5658,100.2812,102.7661,104.2719,105.2574
2,41,0.3126,98.1054,0.0408,90.7738,91.6721,93.0673,95.4311,98.1054,100.8308,103.3279,104.8424,105.8341
2,42,0.2825,98.6465,0.0407,91.3004,92.1996,93.5967,95.965,98.6465,101.3813,103.8888,105.4106,106.4074
2,43,0.2526,99.1877,0.0406,91.8271,92.7273,94.1264,96.4992,99.1877,101.9318,104.4497,105.9787,106.9806
2,44,0.2229,99.7288,0.0405,92.3539,93.2551,94.656,97.0333,99.7288,102.4821,105.0104,106.5465,107.5534
2,45,0.1934,100.27,0.0404,92.881,93.783,95.1858,97.5676,100.27,103.0325,105.571,107.1142,108.1261
2,46,0.164,100.811,0.0403,93.4082,94.3112,95.7159,98.102,100.8113,103.5829,106.1316,107.6818,108.6986
2,47,0.1348,101.353,0.0402,93.9355,94.8394,96.2459,98.6364,101.3525,104.1331,106.6919,108.2491,109.2709
2,48,0.1129,101.894,0.0401,94.4616,95.3668,96.7757,99.1712,101.8943,104.6835,107.2516,108.8151,109.8413
2,49,0.0912,102.436,0.04,94.9878,95.8943,97.3056,99.706,102.4361,105.2339,107.8112,109.3809,110.4115
2,50,0.0695,102.978,0.0399,95.5141,96.422,97.8357,100.241,102.9779,105.7842,108.3707,109.9466,110.9814
2,51,0.048,103.52,0.0398,96.0407,96.9498,98.3658,100.776,103.5197,106.3345,108.93,110.512,111.5512
2,52,0.0267,104.062,0.0397,96.5674,97.4779,98.8962,101.3111,104.0616,106.8847,109.4892,111.0774,112.1207
2,53,0.0054,104.603,0.0396,97.0942,98.006,99.4266,101.8463,104.6034,107.4348,110.0482,111.6424,112.69
2,54,-0.0216,105.142,0.0395,97.6202,98.5329,99.9553,102.379,105.1425,107.9822,110.605,112.2057,113.2579
2,55,-0.0484,105.682,0.0395,98.128,99.0437,100.4712,102.9049,105.6816,108.5369,111.176,112.7874,113.8471
2,56,-0.0751,106.221,0.0394,98.6543,99.5709,101.0002,103.4379,106.2208,109.0843,111.7327,113.3506,114.4148
2,57,-0.1016,106.76,0.0393,99.1808,100.0982,101.5292,103.9709,106.76,109.6317,112.2892,113.9135,114.9822
2,58,-0.128,107.299,0.0392,99.7074,100.6257,102.0584,104.5041,107.2992,110.179,112.8456,114.4762,115.5494
2,59,-0.1543,107.838,0.0391,100.2341,101.1533,102.5877,105.0372,107.8384,110.7262,113.4018,115.0387,116.1164
2,60,-0.1404,108.371,0.039,100.7446,101.6669,103.1061,105.563,108.3714,111.2654,113.9456,115.5848,116.6637
2,61,-0.1266,108.904,0.039,101.2365,102.1642,103.6115,106.0817,108.9045,111.8122,114.5041,116.15,117.2332
2,62,-0.113,109.438,0.0389,101.7472,102.6781,104.1301,106.6076,109.4375,112.3513,115.0477,116.6958,117.7802
2,63,-0.0994,109.971,0.0389,102.2392,103.1754,104.6356,107.1264,109.9706,112.898,115.6062,117.261,118.3496
2,64,-0.086,110.504,0.0388,102.7503,103.6896,105.1544,107.6524,110.5036,113.437,116.1496,117.8066,118.8964
2,65,-0.0726,111.037,0.0388,103.2422,104.187,105.6599,108.1711,111.0366,113.9836,116.7079,118.3716,119.4656
2,66,-0.0272,111.566,0.0388,103.7216,104.6737,106.1573,108.6848,111.5656,114.5249,117.2573,118.9245,120.0202
2,67,0.0175,112.095,0.0388,104.201,105.1604,106.6548,109.1985,112.0946,115.0662,117.8068,119.4775,120.5749
2,68,0.0614,112.624,0.0388,104.6804,105.6471,107.1522,109.712,112.6235,115.6074,118.3562,120.0305,121.1297
2,69,0.1047,113.152,0.0388,105.1597,106.1338,107.6495,110.2255,113.1523,116.1484,118.9056,120.5835,121.6846
2,70,0.1472,113.681,0.0388,105.639,106.6204,108.1469,110.739,113.6811,116.6896,119.4551,121.1367,122.2396
2,71,0.1891,114.21,0.0388,106.1183,107.107,108.6441,111.2524,114.2098,117.2306,120.0045,121.6898,122.7946
2,72,0.2115,114.729,0.0388,106.5941,107.5888,109.1349,111.7572,114.7289,117.7625,120.5466,122.2374,123.3455
2,73,0.2335,115.248,0.0388,107.0699,108.0706,109.6255,112.2619,115.2479,118.2944,121.0887,122.785,123.8964
2,74,0.255,115.767,0.0389,107.5252,108.5344,110.102,112.7591,115.767,118.8343,121.6463,123.3527,124.4704
2,75,0.2762,116.286,0.0389,108.001,109.0161,110.5927,113.2638,116.286,119.3662,122.1885,123.9005,125.0216
2,76,0.297,116.805,0.039,108.456,109.4795,111.0689,113.7607,116.805,119.9061,122.7462,124.4684,125.5959
2,77,0.3174,117.324,0.039,108.9317,109.9612,111.5595,114.2654,117.324,120.438,123.2886,125.0163,126.1472
2,78,0.2769,117.826,0.0391,109.3888,110.4224,112.0278,114.7478,117.8257,120.9628,123.8376,125.5814,126.7234
2,79,0.2373,118.327,0.0391,109.8666,110.9019,112.5105,115.238,118.3274,121.4795,124.3709,126.1262,127.2763
2,80,0.1986,118.829,0.0392,110.3233,111.3627,112.9786,115.7205,118.8292,122.0045,124.9202,126.6916,127.8528
2,81,0.1606,119.331,0.0393,110.7797,111.8234,113.4465,116.2028,119.331,122.5296,125.4696,127.2573,128.4296
2,82,0.1235,119.833,0.0394,111.236,112.2839,113.9144,116.6852,119.8329,123.0548,126.0192,127.8231,129.0067
2,83,0.0872,120.335,0.0394,111.7131,112.7628,114.3968,117.1754,120.3348,123.5718,126.5529,128.3682,129.5598
2,84,0.0163,120.823,0.0396,112.146,113.1999,114.8418,117.6378,120.8229,124.0928,127.1102,128.9504,130.1594
2,85,-0.0528,121.311,0.0397,112.5994,113.6552,115.3012,118.108,121.311,124.6056,127.6515,129.5117,130.735
2,86,-0.1201,121.799,0.0398,113.0526,114.1103,115.7606,118.5783,121.7993,125.1187,128.193,130.0733,131.311
2,87,-0.1857,122.288,0.0399,113.5054,114.565,116.2198,119.0484,122.2876,125.6318,128.7347,130.6352,131.8872
2,88,-0.2496,122.776,0.04,113.9578,115.0196,116.6789,119.5187,122.7761,126.1451,129.2767,131.1974,132.4638
2,89,-0.3119,123.265,0.0401,114.4098,115.4738,117.1377,119.989,123.2646,126.6586,129.8188,131.7597,133.0406
2,90,-0.3571,123.751,0.0402,114.8541,115.9215,117.5916,120.4559,123.7505,127.1686,130.3555,132.3148,133.6086
2,91,-0.4012,124.236,0.0404,115.2769,116.3502,118.0304,120.9146,124.2364,127.6875,130.9095,132.8925,134.2029
2,92,-0.4442,124.722,0.0405,115.7206,116.7974,118.4839,121.3814,124.7224,128.1978,131.4466,133.4481,134.7715
2,93,-0.4862,125.208,0.0406,116.164,117.2443,118.9372,121.8482,125.2084,128.7082,131.9839,134.0039,135.3404
2,94,-0.5271,125.694,0.0407,116.607,117.6909,119.3904,122.3149,125.6944,129.2186,132.5213,134.5598,135.9095
2,95,-0.567,126.18,0.0408,117.0498,118.1374,119.8434,122.7815,126.1805,129.7292,133.0588,135.116,136.4788
2,96,-0.5993,126.67,0.041,117.4725,118.5667,120.2838,123.2433,126.6703,130.2523,133.6168,135.6974,137.0765
2,97,-0.6308,127.16,0.0411,117.9159,119.0145,120.739,123.7131,127.1601,130.7666,134.1574,136.2558,137.6475
2,98,-0.6616,127.65,0.0412,118.3592,119.4621,121.1941,124.1829,127.65,131.281,134.6981,136.8145,138.2188
2,99,-0.6918,128.14,0.0413,118.8023,119.9096,121.6491,124.6527,128.1399,131.7954,135.2391,137.3735,138.7903
2,100,-0.7213,128.63,0.0414,119.2451,120.3568,122.1038,125.1223,128.6297,132.3099,135.78,137.9324,139.362
2,101,-0.7502,129.12,0.0415,119.6878,120.8039,122.5586,125.592,129.1197,132.8246,136.3213,138.4918,139.9341
2,102,-0.779,129.62,0.0416,120.1397,121.2604,123.0228,126.0714,129.6197,133.3497,136.8733,139.0623,140.5175
2,103,-0.807,130.12,0.0417,120.5916,121.7168,123.487,126.5509,130.1199,133.875,137.4257,139.6331,141.1012
2,104,-0.8342,130.62,0.0418,121.043,122.1729,123.9509,127.0302,130.62,134.4003,137.9781,140.2039,141.685
2,105,-0.8608,131.12,0.042,121.4729,122.6098,124.3996,127.5012,131.1202,134.9351,138.5493,140.7996,142.2978
2,106,-0.8868,131.62,0.0421,121.9239,123.0655,124.8633,127.9805,131.6204,135.4607,139.1022,141.371,142.8822
2,107,-0.9121,132.121,0.0422,122.3747,123.5211,125.327,128.4598,132.1207,135.9865,139.6552,141.9427,143.467
2,108,-0.8812,132.644,0.0423,122.8271,123.9828,125.8028,128.9587,132.6442,136.533,140.2207,142.5185,144.0491
2,109,-0.851,133.168,0.0425,123.2576,124.425,126.2631,129.4491,133.1677,137.089,140.8053,143.1197,144.6608
2,110,-0.8214,133.691,0.0426,123.7096,124.8864,126.7387,129.9479,133.6912,137.6357,141.3712,143.6961,145.2436
2,111,-0.7924,134.215,0.0428,124.1395,125.328,127.1985,130.438,134.2147,138.192,141.9562,144.298,145.8561
2,112,-0.764,134.738,0.0429,124.5911,125.789,127.6738,130.9366,134.7382,138.7389,142.5226,144.875,146.4397
2,113,-0.7362,135.262,0.043,125.0425,126.2498,128.1489,131.4352,135.2617,139.2859,143.089,145.4523,147.0236
2,114,-0.6545,135.812,0.0432,125.4748,126.6989,128.6229,131.9476,135.8116,139.8664,143.6902,146.0621,147.6374
2,115,-0.574,136.362,0.0433,125.9291,127.1676,129.1126,132.4689,136.3617,140.4377,144.2727,146.6472,148.2225
2,116,-0.4946,136.912,0.0434,126.3829,127.636,129.6022,132.9901,136.9119,141.0091,144.8554,147.2328,148.8081
2,117,-0.4162,137.462,0.0435,126.8362,128.104,130.0915,133.5113,137.4622,141.5807,145.4385,147.8188,149.3943
2,118,-0.3389,138.013,0.0436,127.2891,128.5717,130.5807,134.0326,138.0126,142.1525,146.0219,148.4052,149.981
2,119,-0.2627,138.563,0.0438,127.7181,129.0183,131.0532,134.5448,138.5631,142.7341,146.6246,149.0171,150.5972
2,120,-0.1573,139.122,0.0438,128.1883,129.5038,131.5602,135.0811,139.1218,143.303,147.191,149.5762,151.1491
2,121,-0.0528,139.68,0.0439,128.6339,129.9677,132.05,135.6083,139.6805,143.8816,147.7766,150.1605,151.7304
2,122,0.0509,140.239,0.0439,129.103,130.4526,132.5567,136.1448,140.2395,144.4509,148.3436,150.7207,152.2837
2,123,0.1538,140.799,0.044,129.5471,130.9154,133.0462,136.6722,140.7986,145.03,148.9299,151.306,152.8662
2,124,0.2558,141.358,0.044,130.0151,131.3995,133.5526,137.2088,141.3578,145.5995,149.4975,151.8671,153.4209
2,125,0.3569,141.917,0.0441,130.4576,131.8613,134.0415,137.7361,141.9172,146.179,150.0844,152.4534,154.0047
2,126,0.4653,142.469,0.044,130.9392,132.3571,134.5563,138.2743,142.4689,146.7306,150.6237,152.9797,154.5202
2,127,0.5738,143.021,0.044,131.3946,132.83,135.0532,138.8031,143.0207,147.292,151.182,153.5307,155.0643
2,128,0.6821,143.573,0.0439,131.8754,133.3254,135.5679,139.3415,143.5726,147.8437,151.7218,154.0578,155.581
2,129,0.7904,144.125,0.0438,132.356,133.8207,136.0827,139.88,144.1246,148.3955,152.2617,154.5853,156.0983
2,130,0.8986,144.677,0.0438,132.8091,134.2922,136.579,140.4088,144.6765,148.957,152.8202,155.137,156.6435
2,131,1.0066,145.228,0.0437,133.2887,134.7869,137.0936,140.9474,145.2285,149.5087,153.3604,155.6651,157.1618
2,132,1.1242,145.757,0.0435,133.769,135.28,137.6024,141.4724,145.7568,150.0257,153.8549,156.1408,157.6232
2,133,1.2433,146.285,0.0433,134.2489,135.7728,138.1113,141.9975,146.2852,150.5426,154.3494,156.6167,158.0849
2,134,1.3638,146.814,0.0431,134.7283,136.2655,138.6202,142.5227,146.8136,151.0593,154.8438,157.0927,158.5469
2,135,1.4857,147.342,0.0429,135.2074,136.758,139.1292,143.0481,147.3421,151.5761,155.3383,157.5688,159.0092
2,136,1.609,147.871,0.0427,135.686,137.2504,139.6382,143.5737,147.8706,152.0928,155.8328,158.045,159.4717
2,137,1.7336,148.399,0.0425,136.1641,137.7425,140.1472,144.0992,148.399,152.6093,156.3271,158.5213,159.9344
2,138,1.8239,148.875,0.0421,136.6725,138.2517,140.6547,144.5964,148.8746,153.0538,156.7364,158.9065,160.3029
2,139,1.9161,149.35,0.0418,137.1511,138.7353,141.1427,145.0835,149.3501,153.5079,157.1636,159.3147,160.6975
2,140,2.0103,149.826,0.0415,137.6299,139.2191,141.6308,145.5708,149.8256,153.9617,157.5907,159.7226,161.0919
2,141,2.1065,150.301,0.0412,138.1089,139.7031,142.1193,146.0582,150.3011,154.4154,158.0174,160.1303,161.486
2,142,2.2047,150.777,0.0409,138.588,140.1874,142.608,146.5458,150.7766,154.869,158.444,160.5377,161.88
2,143,2.3049,151.252,0.0406,139.0673,140.6719,143.097,147.0336,151.2521,155.3224,158.8703,160.945,162.2739
2,144,2.3447,151.657,0.0402,139.5464,141.1429,143.5547,147.4674,151.6571,155.6966,159.2155,161.2723,162.5894
2,145,2.3855,152.062,0.0399,139.9942,141.5869,143.9919,147.8908,152.0621,156.0806,159.5786,161.6222,162.9304
2,146,2.4272,152.467,0.0395,140.4747,142.0591,144.4506,148.3251,152.4672,156.4546,159.9233,161.9488,163.2451
2,147,2.4699,152.872,0.0392,140.9235,142.504,144.8885,148.7489,152.8722,156.8382,160.2858,162.2979,163.5853
2,148,2.5136,153.277,0.0388,141.4052,142.9773,145.3479,149.1835,153.2772,157.2117,160.6297,162.6236,163.899
2,149,2.5584,153.682,0.0385,141.8549,143.4229,145.7864,149.6075,153.6821,157.5949,160.9915,162.9719,164.2382
2,150,2.5648,154.014,0.0382,142.2564,143.8148,146.164,149.9626,154.0138,157.9048,161.2828,163.2525,164.5121
2,151,2.5712,154.345,0.0378,142.6912,144.2353,146.5633,150.3286,154.3455,158.2045,161.5555,163.5097,164.7595
2,152,2.5775,154.677,0.0375,143.0936,144.6279,146.9415,150.684,154.6772,158.5141,161.8463,163.7898,165.0327
2,153,2.5837,155.009,0.0372,143.4964,145.021,147.32,151.0395,155.0089,158.8235,162.1369,164.0696,165.3056
2,154,2.5899,155.34,0.0368,143.9326,145.4426,147.7202,151.4059,155.3405,159.1227,162.4086,164.3255,165.5517
2,155,2.5959,155.672,0.0365,144.3364,145.8365,148.0993,151.7617,155.6722,159.4319,162.6987,164.6047,165.8239
2,156,2.5607,155.92,0.0362,144.6804,146.1651,148.4064,152.0377,155.9198,159.6566,162.9069,164.8046,166.019
2,157,2.5239,156.167,0.036,144.9917,146.4656,148.6919,152.3027,156.1672,159.8912,163.1335,165.0278,166.2404
2,158,2.4856,156.415,0.0357,145.3361,146.7947,148.9993,152.5786,156.4146,160.1157,163.3413,165.2273,166.4352
2,159,2.4458,156.662,0.0355,145.648,147.0956,149.2852,152.8437,156.6619,160.3501,163.5677,165.4504,166.6566
2,160,2.4042,156.909,0.0352,145.993,147.4251,149.5928,153.1197,156.9091,160.5741,163.7752,165.6496,166.8511
2,161,2.3609,157.156,0.035,146.3055,147.7265,149.8791,153.3848,157.1562,160.8083,164.0014,165.8725,167.0725
2,162,2.3149,157.329,0.0348,146.5497,147.9589,150.095,153.5777,157.3292,160.9666,164.1505,166.0176,167.2155
2,163,2.2677,157.502,0.0346,146.794,148.1913,150.3109,153.7705,157.5021,161.1249,164.2994,166.1625,167.3585
2,164,2.2195,157.675,0.0345,147.0059,148.3958,150.5055,153.9524,157.675,161.2934,164.4674,166.3317,167.5289
2,165,2.1701,157.848,0.0343,147.2502,148.6283,150.7215,154.1452,157.8478,161.4514,164.6161,166.4765,167.6718
2,166,2.1196,158.02,0.0342,147.4623,148.8329,150.9161,154.3271,158.0205,161.6197,164.7841,166.6457,167.8423
2,167,2.0679,158.193,0.034,147.7066,149.0654,151.1322,154.5199,158.1932,161.7776,164.9327,166.7904,167.9851
2,168,2.0549,158.316,0.0339,147.8579,149.2123,151.2728,154.6513,158.3159,161.8932,165.043,166.8981,168.0912
2,169,2.0417,158.439,0.0338,148.0094,149.3594,151.4136,154.7827,158.4387,162.0088,165.1534,167.0058,168.1974
2,170,2.0284,158.561,0.0337,148.1608,149.5063,151.5542,154.9141,158.5614,162.1244,165.2637,167.1134,168.3035
2,171,2.015,158.684,0.0336,148.3123,149.6534,151.695,155.0456,158.6842,162.24,165.374,167.2211,168.4096
2,172,2.0014,158.807,0.0335,148.4637,149.8005,151.8358,155.1771,158.8069,162.3555,165.4842,167.3286,168.5156
2,173,1.9877,158.93,0.0335,148.5834,149.92,151.9554,155.2976,158.9297,162.4816,165.6141,167.461,168.6498
2,174,1.967,159.014,0.0334,148.7013,150.0326,152.0604,155.3917,159.0139,162.558,165.685,167.5295,168.7168
2,175,1.9462,159.098,0.0333,148.8192,150.1451,152.1655,155.4859,159.0981,162.6344,165.756,167.5979,168.7838
2,176,1.9254,159.182,0.0332,148.937,150.2576,152.2705,155.58,159.1823,162.7107,165.8269,167.6662,168.8507
2,177,1.9045,159.267,0.0332,149.023,150.3426,152.3543,155.6632,159.2666,162.7977,165.9176,167.7595,168.946
2,178,1.8835,159.351,0.0331,149.1408,150.4551,152.4594,155.7574,159.3508,162.874,165.9884,167.8278,169.0129
2,179,1.8625,159.435,0.033,149.2586,150.5677,152.5645,155.8516,159.4351,162.9504,166.0593,167.8961,169.0797
2,180,1.79,159.492,0.033,149.3361,150.6396,152.6296,155.9099,159.4917,163.0111,166.128,167.9715,169.1602
2,181,1.7178,159.548,0.033,149.4133,150.7114,152.6947,155.9682,159.5483,163.0717,166.1967,168.0469,169.2407
2,182,1.6457,159.605,0.0329,149.5218,150.8105,152.781,156.0375,159.6051,163.1219,166.2458,168.0973,169.2927
2,183,1.5739,159.662,0.0329,149.5987,150.882,152.8461,156.096,159.6619,163.1827,166.3147,168.1729,169.3734
2,184,1.5022,159.719,0.0328,149.7066,150.9807,152.9322,156.1655,159.7189,163.2331,166.3637,168.2232,169.4253
2,185,1.4308,159.776,0.0328,149.7832,151.0522,152.9974,156.2242,159.776,163.2941,166.4329,168.2991,169.5064
2,186,1.3515,159.815,0.0328,149.8451,151.1083,153.0462,156.2654,159.8149,163.3369,166.4842,168.3578,169.5706
2,187,1.2721,159.854,0.0327,149.9376,151.1912,153.1159,156.3175,159.8539,163.3691,166.5155,168.3907,169.6055
2,188,1.1928,159.893,0.0327,149.9992,151.2471,153.1648,156.3589,159.893,163.4121,166.567,168.4496,169.67
2,189,1.1134,159.932,0.0326,150.0911,151.3295,153.2343,156.411,159.9321,163.4444,166.5983,168.4825,169.7049
2,190,1.034,159.971,0.0326,150.1525,151.3854,153.2832,156.4526,159.9714,163.4876,166.6501,168.5417,169.7699
2,191,0.9547,160.011,0.0325,150.2437,151.4674,153.3526,156.5049,160.0107,163.52,166.6814,168.5747,169.8048
2,192,0.8678,160.029,0.0325,150.2869,151.5045,153.3819,156.5257,160.0286,163.5416,166.712,168.6132,169.8494
2,193,0.7803,160.047,0.0324,150.3597,151.5675,153.4316,156.5574,160.0465,163.5524,166.7221,168.6253,169.8639
2,194,0.6921,160.064,0.0323,150.4322,151.6304,153.4811,156.589,160.0644,163.5632,166.7321,168.6375,169.8785
2,195,0.6032,160.082,0.0322,150.5044,151.6931,153.5306,156.6205,160.0823,163.574,166.7422,168.6497,169.8931
2,196,0.5137,160.1,0.0322,150.5471,151.7299,153.5598,156.6414,160.1002,163.5957,166.7732,168.6889,169.9388
2,197,0.4236,160.118,0.0321,150.619,151.7923,153.6092,156.6731,160.1182,163.6066,166.7834,168.7014,169.9538
2,198,0.332,160.134,0.032,150.6889,151.8528,153.6567,156.7028,160.1342,163.6155,166.7916,168.712,169.967
2,199,0.2396,160.15,0.032,150.7298,151.8878,153.6842,156.7218,160.1502,163.6353,166.821,168.75,170.0118
2,200,0.1464,160.166,0.0319,150.7992,151.9479,153.7314,156.7514,160.1661,163.6441,166.8293,168.7607,170.0252
2,201,0.0522,160.182,0.0318,150.8685,152.008,153.7787,156.7811,160.1821,163.653,166.8377,168.7716,170.0389
2,202,-0.0428,160.198,0.0317,150.9374,152.0678,153.8258,156.8106,160.198,163.6617,166.846,168.7825,170.0526
2,203,-0.1387,160.214,0.0317,150.978,152.1027,153.8533,156.8297,160.214,163.6817,166.8759,168.8215,170.0988
2,204,-0.164,160.248,0.0316,151.0452,152.1653,153.909,156.8748,160.2483,163.7066,166.8936,168.8355,170.1107
2,205,-0.1896,160.283,0.0316,151.0844,152.2032,153.9452,156.9093,160.2827,163.7427,166.933,168.8776,170.155
2,206,-0.2154,160.317,0.0315,151.1515,152.2657,154.0009,156.9544,160.317,163.7676,166.9507,168.8916,170.1668
2,207,-0.2414,160.351,0.0315,151.1908,152.3036,154.0372,156.989,160.3514,163.8037,166.9901,168.9339,170.2113
2,208,-0.2675,160.386,0.0314,151.2579,152.3662,154.0929,157.034,160.3857,163.8286,167.0078,168.9478,170.2231
2,209,-0.294,160.42,0.0314,151.2971,152.404,154.1291,157.0685,160.42,163.8646,167.0471,168.9901,170.2675
2,210,-0.311,160.452,0.0313,151.36,152.4629,154.1819,157.1114,160.4524,163.8872,167.0615,168.9999,170.2745
2,211,-0.3282,160.485,0.0313,151.3948,152.497,154.215,157.1436,160.4847,163.9208,167.0975,169.0378,170.314
2,212,-0.3456,160.517,0.0313,151.4299,152.5312,154.2483,157.1759,160.5171,163.9546,167.1336,169.0759,170.3536
2,213,-0.3631,160.549,0.0312,151.4927,152.59,154.3009,157.2187,160.5494,163.9771,167.1479,169.0856,170.3605
2,214,-0.3808,160.582,0.0312,151.5276,152.6242,154.3341,157.2509,160.5817,164.0107,167.184,169.1237,170.4001
2,215,-0.3985,160.614,0.0311,151.5905,152.6829,154.3868,157.2937,160.614,164.0332,167.1982,169.1334,170.4069
2,216,-0.4107,160.648,0.0311,151.626,152.718,154.4213,157.3278,160.6484,164.0688,167.2357,169.1724,170.4471
2,217,-0.4229,160.683,0.031,151.6893,152.7776,154.4752,157.3723,160.6827,164.0931,167.2513,169.1828,170.4543
2,218,-0.4352,160.717,0.031,151.7248,152.8127,154.5097,157.4064,160.7171,164.1287,167.2887,169.2218,170.4945
2,219,-0.4476,160.751,0.031,151.7603,152.8477,154.5442,157.4404,160.7514,164.1641,167.3261,169.2608,170.5346
2,220,-0.4601,160.786,0.0309,151.8236,152.9073,154.5981,157.485,160.7857,164.1884,167.3417,169.2712,170.5417
2,221,-0.4727,160.82,0.0309,151.8591,152.9423,154.6326,157.519,160.82,164.2239,167.379,169.3101,170.5819
2,222,-0.4804,160.859,0.0309,151.8979,152.981,154.6711,157.5575,160.8591,164.2641,167.4208,169.3531,170.6257
2,223,-0.4881,160.898,0.0308,151.9645,153.0441,154.729,157.6065,160.8981,164.293,167.4405,169.3673,170.6363
2,224,-0.4959,160.937,0.0308,152.0033,153.0828,154.7675,157.6451,160.9372,164.3332,167.4823,169.4102,170.6801
2,225,-0.5037,160.976,0.0307,152.0698,153.1459,154.8253,157.6941,160.9762,164.3621,167.502,169.4244,170.6907
2,226,-0.5116,161.015,0.0307,152.1087,153.1846,154.8639,157.7326,161.0153,164.4023,167.5437,169.4673,170.7345
2,227,-0.5195,161.054,0.0307,152.1475,153.2232,154.9023,157.7711,161.0543,164.4424,167.5854,169.5101,170.7782
